id,label
http://inspire.ec.europa.eu/metadata-codelist/SpatialDataServiceCategory/humanInteractionService,humanInteractionService
http://inspire.ec.europa.eu/metadata-codelist/SpatialDataServiceCategory/humanCatalogueViewer,humanCatalogueViewer
http://inspire.ec.europa.eu/metadata-codelist/SpatialDataServiceCategory/humanGeographicViewer,humanGeographicViewer
http://inspire.ec.europa.eu/metadata-codelist/SpatialDataServiceCategory/humanGeographicSpreadsheetViewer,humanGeographicSpreadsheetViewer
http://inspire.ec.europa.eu/metadata-codelist/SpatialDataServiceCategory/humanServiceEditor,humanServiceEditor
http://inspire.ec.europa.eu/metadata-codelist/SpatialDataServiceCategory/humanChainDefinitionEditor,humanChainDefinitionEditor
http://inspire.ec.europa.eu/metadata-codelist/SpatialDataServiceCategory/humanWorkflowEnactmentManager,humanWorkflowEnactmentManager
http://inspire.ec.europa.eu/metadata-codelist/SpatialDataServiceCategory/humanGeographicFeatureEditor,humanGeographicFeatureEditor
http://inspire.ec.europa.eu/metadata-codelist/SpatialDataServiceCategory/humanGeographicSymbolEditor,humanGeographicSymbolEditor
http://inspire.ec.europa.eu/metadata-codelist/SpatialDataServiceCategory/humanFeatureGeneralizationEditor,humanFeatureGeneralizationEditor
http://inspire.ec.europa.eu/metadata-codelist/SpatialDataServiceCategory/humanGeographicDataStructureViewer,humanGeographicDataStructureViewer
http://inspire.ec.europa.eu/metadata-codelist/SpatialDataServiceCategory/infoManagementService,infoManagementService
http://inspire.ec.europa.eu/metadata-codelist/SpatialDataServiceCategory/infoFeatureAccessService,infoFeatureAccessService
http://inspire.ec.europa.eu/metadata-codelist/SpatialDataServiceCategory/infoMapAccessService,infoMapAccessService
http://inspire.ec.europa.eu/metadata-codelist/SpatialDataServiceCategory/infoCoverageAccessService,infoCoverageAccessService
http://inspire.ec.europa.eu/metadata-codelist/SpatialDataServiceCategory/infoSensorDescriptionService,infoSensorDescriptionService
http://inspire.ec.europa.eu/metadata-codelist/SpatialDataServiceCategory/infoProductAccessService,infoProductAccessService
http://inspire.ec.europa.eu/metadata-codelist/SpatialDataServiceCategory/infoFeatureTypeService,infoFeatureTypeService
http://inspire.ec.europa.eu/metadata-codelist/SpatialDataServiceCategory/infoCatalogueService,infoCatalogueService
http://inspire.ec.europa.eu/metadata-codelist/SpatialDataServiceCategory/infoRegistryService,infoRegistryService
http://inspire.ec.europa.eu/metadata-codelist/SpatialDataServiceCategory/infoGazetteerService,infoGazetteerService
http://inspire.ec.europa.eu/metadata-codelist/SpatialDataServiceCategory/infoOrderHandlingService,infoOrderHandlingService
http://inspire.ec.europa.eu/metadata-codelist/SpatialDataServiceCategory/infoStandingOrderService,infoStandingOrderService
http://inspire.ec.europa.eu/metadata-codelist/SpatialDataServiceCategory/taskManagementService,taskManagementService
http://inspire.ec.europa.eu/metadata-codelist/SpatialDataServiceCategory/chainDefinitionService,chainDefinitionService
http://inspire.ec.europa.eu/metadata-codelist/SpatialDataServiceCategory/workflowEnactmentService,workflowEnactmentService
http://inspire.ec.europa.eu/metadata-codelist/SpatialDataServiceCategory/subscriptionService,subscriptionService
http://inspire.ec.europa.eu/metadata-codelist/SpatialDataServiceCategory/spatialProcessingService,spatialProcessingService
http://inspire.ec.europa.eu/metadata-codelist/SpatialDataServiceCategory/spatialCoordinateConversionService,spatialCoordinateConversionService
http://inspire.ec.europa.eu/metadata-codelist/SpatialDataServiceCategory/spatialCoordinateTransformationService,spatialCoordinateTransformationService
http://inspire.ec.europa.eu/metadata-codelist/SpatialDataServiceCategory/spatialCoverageVectorConversionService,spatialCoverageVectorConversionService
http://inspire.ec.europa.eu/metadata-codelist/SpatialDataServiceCategory/spatialImageCoordinateConversionService,spatialImageCoordinateConversionService
http://inspire.ec.europa.eu/metadata-codelist/SpatialDataServiceCategory/spatialRectificationService,spatialRectificationService
http://inspire.ec.europa.eu/metadata-codelist/SpatialDataServiceCategory/spatialOrthorectificationService,spatialOrthorectificationService
http://inspire.ec.europa.eu/metadata-codelist/SpatialDataServiceCategory/spatialSensorGeometryModelAdjustmentService,spatialSensorGeometryModelAdjustmentService
http://inspire.ec.europa.eu/metadata-codelist/SpatialDataServiceCategory/spatialImageGeometryModelConversionService,spatialImageGeometryModelConversionService
http://inspire.ec.europa.eu/metadata-codelist/SpatialDataServiceCategory/spatialSubsettingService,spatialSubsettingService
http://inspire.ec.europa.eu/metadata-codelist/SpatialDataServiceCategory/spatialSamplingService,spatialSamplingService
http://inspire.ec.europa.eu/metadata-codelist/SpatialDataServiceCategory/spatialTilingChangeService,spatialTilingChangeService
http://inspire.ec.europa.eu/metadata-codelist/SpatialDataServiceCategory/spatialDimensionMeasurementService,spatialDimensionMeasurementService
http://inspire.ec.europa.eu/metadata-codelist/SpatialDataServiceCategory/spatialFeatureManipulationService,spatialFeatureManipulationService
http://inspire.ec.europa.eu/metadata-codelist/SpatialDataServiceCategory/spatialFeatureMatchingService,spatialFeatureMatchingService
http://inspire.ec.europa.eu/metadata-codelist/SpatialDataServiceCategory/spatialFeatureGeneralizationService,spatialFeatureGeneralizationService
http://inspire.ec.europa.eu/metadata-codelist/SpatialDataServiceCategory/spatialRouteDeterminationService,spatialRouteDeterminationService
http://inspire.ec.europa.eu/metadata-codelist/SpatialDataServiceCategory/spatialPositioningService,spatialPositioningService
http://inspire.ec.europa.eu/metadata-codelist/SpatialDataServiceCategory/spatialProximityAnalysisService,spatialProximityAnalysisService
http://inspire.ec.europa.eu/metadata-codelist/SpatialDataServiceCategory/thematicProcessingService,thematicProcessingService
http://inspire.ec.europa.eu/metadata-codelist/SpatialDataServiceCategory/thematicGoparameterCalculationService,thematicGoparameterCalculationService
http://inspire.ec.europa.eu/metadata-codelist/SpatialDataServiceCategory/thematicClassificationService,thematicClassificationService
http://inspire.ec.europa.eu/metadata-codelist/SpatialDataServiceCategory/thematicFeatureGeneralizationService,thematicFeatureGeneralizationService
http://inspire.ec.europa.eu/metadata-codelist/SpatialDataServiceCategory/thematicSubsettingService,thematicSubsettingService
http://inspire.ec.europa.eu/metadata-codelist/SpatialDataServiceCategory/thematicSpatialCountingService,thematicSpatialCountingService
http://inspire.ec.europa.eu/metadata-codelist/SpatialDataServiceCategory/thematicChangeDetectionService,thematicChangeDetectionService
http://inspire.ec.europa.eu/metadata-codelist/SpatialDataServiceCategory/thematicGeographicInformationExtractionService,thematicGeographicInformationExtractionService
http://inspire.ec.europa.eu/metadata-codelist/SpatialDataServiceCategory/thematicImageProcessingService,thematicImageProcessingService
http://inspire.ec.europa.eu/metadata-codelist/SpatialDataServiceCategory/thematicReducedResolutionGenerationService,thematicReducedResolutionGenerationService
http://inspire.ec.europa.eu/metadata-codelist/SpatialDataServiceCategory/thematicImageManipulationService,thematicImageManipulationService
http://inspire.ec.europa.eu/metadata-codelist/SpatialDataServiceCategory/thematicImageUnderstandingService,thematicImageUnderstandingService
http://inspire.ec.europa.eu/metadata-codelist/SpatialDataServiceCategory/thematicImageSynthesisService,thematicImageSynthesisService
http://inspire.ec.europa.eu/metadata-codelist/SpatialDataServiceCategory/thematicMultibandImageManipulationService,thematicMultibandImageManipulationService
http://inspire.ec.europa.eu/metadata-codelist/SpatialDataServiceCategory/thematicObjectDetectionService,thematicObjectDetectionService
http://inspire.ec.europa.eu/metadata-codelist/SpatialDataServiceCategory/thematicGeoparsingService,thematicGeoparsingService
http://inspire.ec.europa.eu/metadata-codelist/SpatialDataServiceCategory/thematicGeocodingService,thematicGeocodingService
http://inspire.ec.europa.eu/metadata-codelist/SpatialDataServiceCategory/temporalProcessingService,temporalProcessingService
http://inspire.ec.europa.eu/metadata-codelist/SpatialDataServiceCategory/temporalReferenceSystemTransformationService,temporalReferenceSystemTransformationService
http://inspire.ec.europa.eu/metadata-codelist/SpatialDataServiceCategory/temporalSubsettingService,temporalSubsettingService
http://inspire.ec.europa.eu/metadata-codelist/SpatialDataServiceCategory/temporalSamplingService,temporalSamplingService
http://inspire.ec.europa.eu/metadata-codelist/SpatialDataServiceCategory/temporalProximityAnalysisService,temporalProximityAnalysisService
http://inspire.ec.europa.eu/metadata-codelist/SpatialDataServiceCategory/metadataProcessingService,metadataProcessingService
http://inspire.ec.europa.eu/metadata-codelist/SpatialDataServiceCategory/metadataStatisticalCalculationService,metadataStatisticalCalculationService
http://inspire.ec.europa.eu/metadata-codelist/SpatialDataServiceCategory/metadataGeographicAnnotationService,metadataGeographicAnnotationService
http://inspire.ec.europa.eu/metadata-codelist/SpatialDataServiceCategory/comService,comService
http://inspire.ec.europa.eu/metadata-codelist/SpatialDataServiceCategory/comEncodingService,comEncodingService
http://inspire.ec.europa.eu/metadata-codelist/SpatialDataServiceCategory/comTransferService,comTransferService
http://inspire.ec.europa.eu/metadata-codelist/SpatialDataServiceCategory/comGeographicCompressionService,comGeographicCompressionService
http://inspire.ec.europa.eu/metadata-codelist/SpatialDataServiceCategory/comGeographicFormatConversionService,comGeographicFormatConversionService
http://inspire.ec.europa.eu/metadata-codelist/SpatialDataServiceCategory/comMessagingService,comMessagingService
http://inspire.ec.europa.eu/metadata-codelist/SpatialDataServiceCategory/comRemoteFileAndExecutableManagement,comRemoteFileAndExecutableManagement